,accession,start,sequence,stand,end
0,NC_004664,27063,CCAGCGCGCCCAAGTCACCGACTCCCTTCTAGGCAGTC,+,27100
1,NC_004664,28161,CGACGCGTAGCAAGTCACCGACTCCCTTCCTGGCAGAC,+,28198
2,NC_004664,22603,CGTTCGGCGGCAAGTCACCGACTCCCTTACCGACATGT,+,22640
3,NC_004664,17687,TCCTGGGCGCCTAGTCACCGACTCCCTTCCTGGCAAGC,+,17724
4,NC_004664,22248,GTGAGCCGGTCGAGTAACCGACTCCCTTCAGGACGCAC,+,22285
5,NC_004664,24524,CCCCTGCCGTCGAGTAACCGACTCCCTTACGGGCTCAC,+,24561
6,NC_004664,12323,CGCCGTGGAACACGTAACCGACTCCCTTCGTATAGGTA,+,12360
7,NC_004664,31757,GGTTCCGCCCCGGGTCACCGACTCCCTTACTGGCCAAC,+,31794
8,NC_004664,36525,GTTCTGACGTCGGGTCACCGACTCCCTTACTCGCCTTC,+,36562
9,NC_004664,40838,CATCTGAAACCGGGTCACCGACTCCCTTCATATAGGTA,+,40875
10,NC_004664,20583,CTGCCGCTGAACGGTCACCGACTCCCTTCAGGACACGT,+,20620
11,NC_004664,30509,TCCCGCGCCCTAGGTCACCGACTCCCTTACCCGGAATC,+,30546
12,NC_018853,29365,AGTCGGCGACACGGGGCGGCACCACGTCGAGCACCGCCCC,-,29404
13,NC_018853,34933,CCGACTAGGTCGTGTCGCCGACTCCCTTACTGATCTTCGG,+,34972
14,NC_018853,21430,CCTGGCCGGTCGTGTCGCCGACTCCCTTGACCACAAGTGA,+,21469
15,NC_018853,39414,TAGCTGACGCCGTGTCGCCGACTACCTTCATATAGGTATA,+,39453
16,NC_018853,23261,GGCAAGCCGTCGAGTCGCCGACTCCCTTCAAGGGAGGTGA,+,23300
17,NC_018853,16778,TCTAGGTATCTAGGTCGCCGACTCCCTTCATGGAATGCGT,+,16817
18,NC_018853,28116,ACTCCCCTGCCAGGTCGCCGACTCCCTTCAGCGCAAACGA,+,28155
19,NC_018853,20169,TGCCGGTCACCATGCCGCCGACTCCCTTCAACTCAAGTAG,+,20208
20,NC_018853,25792,TGCCTGCCCCCATGTCGCCGACTCCCTTCATGGGGAGTGA,+,25831
21,NC_018853,12292,GGAACACGTAAGGGTCGCCGACTCCCTTCGTATAGGTAGG,+,12331
22,NC_018853,9527,GCCGACGACCTTCGCGGCGTTCAGCACAGCGGCGGCACCG,-,9566
23,NC_018853,21064,ACGCGCCCGCTGAGTCGCCGACGTCCTTCAGCACCAGTGA,+,21103
24,NC_014229,28236,TGACGGGGGTCCGGCCTTCGCCCTGTCCAAACACGGAG,+,28273
25,NC_014229,30323,CTTCATGCCCCCTGGCTTCGCCATGCCCGGGGGCCTCC,+,30360
